CREATE TABLE CLIENTE 
(id_cliente NUMBER(10) CONSTRAINT PK_CLIENTE PRIMARY KEY, 
 nombre_cliente VARCHAR2(50)  NOT NULL, 
 fecha_incorporacion DATE  NOT NULL);

 CREATE TABLE EMPLEADO
 (rut_empleado NUMBER(10) CONSTRAINT PK_EMPLEADO PRIMARY KEY,
  dv_rut_empleado VARCHAR2(1) NOT NULL,
  nombre_empleado VARCHAR2(50) NOT NULL,
  fecha_contrato DATE);

CREATE TABLE FACTURA 
(nro_factura NUMBER(10) CONSTRAINT PK_FACTURA PRIMARY KEY , 
 fecha DATE  NOT NULL , 
 monto_total NUMBER(15)  NOT NULL , 
 cantidad_cuotas NUMBER(2)  NOT NULL , 
 id_cliente NUMBER(10) NOT NULL,
 rut_empleado NUMBER(10) NOT NULL,
 CONSTRAINT FK_FACTURA_CLIENTE FOREIGN KEY(id_cliente) REFERENCES CLIENTE(id_cliente),
 CONSTRAINT FK_FACTURA_EMPLEADO FOREIGN KEY(rut_empleado) REFERENCES EMPLEADO(rut_empleado)); 
 
CREATE TABLE CUOTA 
(nro_factura NUMBER(10) NOT NULL, 
 nro_cuota NUMBER(2)  NOT NULL , 
 valor_cuota NUMBER(10)  NOT NULL , 
 fecha_vencimiento DATE  NOT NULL,
 CONSTRAINT PK_CUOTA PRIMARY KEY(nro_factura,nro_cuota),
 CONSTRAINT FK_CUOTA_FACTURA FOREIGN KEY (nro_factura) REFERENCES FACTURA(nro_factura));


CREATE TABLE VENTA_EMPLEADO
 (rut_empleado NUMBER(10) CONSTRAINT PK_VENTA_EMPLEADO PRIMARY KEY,
  total_venta  NUMBER(5) NOT NULL,
  monto_total_ventas  NUMBER(10) NOT NULL,
  CONSTRAINT FK_VENTA_EMP_EMPLEADO FOREIGN KEY (rut_empleado) REFERENCES EMPLEADO(rut_empleado));
  
CREATE TABLE TOTAL_PESOS_COMPRAS
(id_cliente NUMBER(10) CONSTRAINT PK_TOTAL_PESOS_COMPRA PRIMARY KEY,
 total_pesos  NUMBER(5) NOT NULL,
 CONSTRAINT FK_TOTAL_PCOMPRAS_CLIENTE FOREIGN KEY (id_cliente) REFERENCES CLIENTE(id_cliente));
 
 CREATE TABLE DETALLE_PESOS_COMPRAS
 (id_cliente NUMBER(10) NOT NULL,
  nro_factura NUMBER(10) NOT NULL,
  pesos_factura  NUMBER(4) NOT NULL,
  CONSTRAINT PK_DETALLE_PESOS_COMPRAS PRIMARY KEY(id_cliente, nro_factura),
  CONSTRAINT FK_DETPESOS_FACTURA FOREIGN KEY (nro_factura) REFERENCES FACTURA(nro_factura),
  CONSTRAINT FK_DETPESOS_CLIENTE FOREIGN KEY (id_cliente) REFERENCES CLIENTE(id_cliente));
  
INSERT INTO CLIENTE VALUES(3456,'Pedro Pérez Pereira','05/03/2012');
INSERT INTO CLIENTE VALUES(9862,'Sandra Soto Sevilla','01/10/2012');
INSERT INTO CLIENTE VALUES(7777,'Juan Tapia Molina','14/12/2013');
INSERT INTO CLIENTE VALUES(9999,'María Moreno Elgueta','05/05/2014');

INSERT INTO EMPLEADO VALUES(1111111, 1, 'Marcos Ramirez Ponce', '01/01/2000');
INSERT INTO EMPLEADO VALUES(2222222, 2, 'Marcela Rondini Flores', '05/01/2001');
INSERT INTO EMPLEADO VALUES(3333333, 3, 'Claudio Armijo Buljan', '05/05/2013');

INSERT INTO FACTURA VALUES(1,'21/03/2014',34560,3,3456, 1111111);
INSERT INTO FACTURA VALUES(2,'13/03/2014',457893,5,9862, 1111111);
INSERT INTO FACTURA VALUES(3,'05/05/2014',600000,2,9999, 1111111);
INSERT INTO FACTURA VALUES(4,'16/05/2014',558000,3,9862, 2222222);

INSERT INTO CUOTA VALUES(1,1,11520,'21/04/2014');
INSERT INTO CUOTA VALUES(1,2,11520,'21/05/2014');
INSERT INTO CUOTA VALUES(1,3,11520,'21/06/2014');
INSERT INTO CUOTA VALUES(2,1,91585,'13/04/2014');
INSERT INTO CUOTA VALUES(2,2,91577,'13/05/2014');
INSERT INTO CUOTA VALUES(2,3,91577,'13/06/2014');
INSERT INTO CUOTA VALUES(2,4,91577,'13/07/2014');
INSERT INTO CUOTA VALUES(2,5,91577,'13/08/2014');
INSERT INTO CUOTA VALUES(3,1,300000,'05/06/2014');
INSERT INTO CUOTA VALUES(3,2,300000,'05/07/2014');
INSERT INTO CUOTA VALUES(4,1,186000,'16/06/2014');
INSERT INTO CUOTA VALUES(4,2,186000,'16/07/2014');
INSERT INTO CUOTA VALUES(4,3,186000,'16/08/2014');
COMMIT;